{"cameraMode":{"drawMode":0,"name":"Shaded","section":"Shading Mode"},"sceneLighting":true,"audioPlay":false,"sceneViewState":{"m_AlwaysRefresh":false,"showFog":true,"showSkybox":false,"showFlares":true,"showImageEffects":true,"showParticleSystems":true,"showVisualEffectGraphs":true,"m_FxEnabled":true},"in2DMode":false,"pivot":{"x":-21.98328971862793,"y":10.483797073364258,"z":26.517810821533204},"rotation":{"x":-0.03151053190231323,"y":0.4962039589881897,"z":-0.018024785444140435,"w":-0.8674484491348267},"size":4.0136494636535648,"orthographic":false}