{"cameraMode":{"drawMode":0,"name":"Shaded","section":"Shading Mode"},"sceneLighting":true,"audioPlay":false,"sceneViewState":{"m_AlwaysRefresh":false,"showFog":true,"showSkybox":false,"showFlares":true,"showImageEffects":true,"showParticleSystems":true,"showVisualEffectGraphs":true,"m_FxEnabled":true},"in2DMode":false,"pivot":{"x":-16.90469741821289,"y":10.095017433166504,"z":25.042139053344728},"rotation":{"x":-0.06111430749297142,"y":0.5857844948768616,"z":-0.04438779130578041,"w":-0.8070613741874695},"size":2.5112853050231935,"orthographic":false}