{"cameraMode":{"drawMode":0,"name":"Shaded","section":"Shading Mode"},"sceneLighting":true,"audioPlay":false,"sceneViewState":{"m_AlwaysRefresh":false,"showFog":true,"showSkybox":false,"showFlares":true,"showImageEffects":true,"showParticleSystems":true,"showVisualEffectGraphs":true,"m_FxEnabled":true},"in2DMode":false,"pivot":{"x":-158.89999389648438,"y":33.400001525878909,"z":123.4000015258789},"rotation":{"x":-0.18794402480125428,"y":-0.13156644999980927,"z":0.025413287803530694,"w":-0.9729990363121033},"size":18.810321807861329,"orthographic":false}